PassengerId,Transported
0.0,True
1.0,True
2.0,True
3.0,True
4.0,True
5.0,True
6.0,True
7.0,True
8.0,True
9.0,True
10.0,True
11.0,True
12.0,True
13.0,True
14.0,True
15.0,True
16.0,True
17.0,True
18.0,True
19.0,True
20.0,True
21.0,True
22.0,True
23.0,True
24.0,True
25.0,True
26.0,True
27.0,True
28.0,True
29.0,True
30.0,True
31.0,True
32.0,True
33.0,True
34.0,True
35.0,True
36.0,True
37.0,True
38.0,True
39.0,True
40.0,True
41.0,True
42.0,True
43.0,True
44.0,True
45.0,True
46.0,True
47.0,True
48.0,True
49.0,True
50.0,True
51.0,True
52.0,True
53.0,True
54.0,True
55.0,True
56.0,True
57.0,True
58.0,True
59.0,True
60.0,True
61.0,True
62.0,True
63.0,True
64.0,True
65.0,True
66.0,True
67.0,True
68.0,True
69.0,True
70.0,True
71.0,True
72.0,True
73.0,True
74.0,True
75.0,True
76.0,True
77.0,True
78.0,True
79.0,True
80.0,True
81.0,True
82.0,True
83.0,True
84.0,True
85.0,True
86.0,True
87.0,True
88.0,True
89.0,True
90.0,True
91.0,True
92.0,True
93.0,True
94.0,True
95.0,True
96.0,True
97.0,True
98.0,True
99.0,True
100.0,True
101.0,True
102.0,True
103.0,True
104.0,True
105.0,True
106.0,True
107.0,True
108.0,True
109.0,True
110.0,True
111.0,True
112.0,True
113.0,True
114.0,True
115.0,True
116.0,True
117.0,True
118.0,True
119.0,True
120.0,True
121.0,True
122.0,True
123.0,True
124.0,True
125.0,True
126.0,True
127.0,True
128.0,True
129.0,True
130.0,True
131.0,True
132.0,True
133.0,True
134.0,True
135.0,True
136.0,True
137.0,True
138.0,True
139.0,True
140.0,True
141.0,True
142.0,True
143.0,True
144.0,True
145.0,True
146.0,True
147.0,True
148.0,True
149.0,True
150.0,True
151.0,True
152.0,True
153.0,True
154.0,True
155.0,True
156.0,True
157.0,True
158.0,True
159.0,True
160.0,True
161.0,True
162.0,True
163.0,True
164.0,True
165.0,True
166.0,True
167.0,True
168.0,True
169.0,True
170.0,True
171.0,True
172.0,True
173.0,True
174.0,True
175.0,True
176.0,True
177.0,True
178.0,True
179.0,True
180.0,True
181.0,True
182.0,True
183.0,True
184.0,True
185.0,True
186.0,True
187.0,True
188.0,True
189.0,True
190.0,True
191.0,True
192.0,True
193.0,True
194.0,True
195.0,True
196.0,True
197.0,True
198.0,True
199.0,True
200.0,True
201.0,True
202.0,True
203.0,True
204.0,True
205.0,True
206.0,True
207.0,True
208.0,True
209.0,True
210.0,True
211.0,True
212.0,True
213.0,True
214.0,True
215.0,True
216.0,True
217.0,True
218.0,True
219.0,True
220.0,True
221.0,True
222.0,True
223.0,True
224.0,True
225.0,True
226.0,True
227.0,True
228.0,True
229.0,True
230.0,True
231.0,True
232.0,True
233.0,True
234.0,True
235.0,True
236.0,True
237.0,True
238.0,True
239.0,True
240.0,True
241.0,True
242.0,True
243.0,True
244.0,True
245.0,True
246.0,True
247.0,True
248.0,True
249.0,True
250.0,True
251.0,True
252.0,True
253.0,True
254.0,True
255.0,True
256.0,True
257.0,True
258.0,True
259.0,True
260.0,True
261.0,True
262.0,True
263.0,True
264.0,True
265.0,True
266.0,True
267.0,True
268.0,True
269.0,True
270.0,True
271.0,True
272.0,True
273.0,True
274.0,True
275.0,True
276.0,True
277.0,True
278.0,True
279.0,True
280.0,True
281.0,True
282.0,True
283.0,True
284.0,True
285.0,True
286.0,True
287.0,True
288.0,True
289.0,True
290.0,True
291.0,True
292.0,True
293.0,True
294.0,True
295.0,True
296.0,True
297.0,True
298.0,True
299.0,True
300.0,True
301.0,True
302.0,True
303.0,True
304.0,True
305.0,True
306.0,True
307.0,True
308.0,True
309.0,True
310.0,True
311.0,True
312.0,True
313.0,True
314.0,True
315.0,True
316.0,True
317.0,True
318.0,True
319.0,True
320.0,True
321.0,True
322.0,True
323.0,True
324.0,True
325.0,True
326.0,True
327.0,True
328.0,True
329.0,True
330.0,True
331.0,True
332.0,True
333.0,True
334.0,True
335.0,True
336.0,True
337.0,True
338.0,True
339.0,True
340.0,True
341.0,True
342.0,True
343.0,True
344.0,True
345.0,True
346.0,True
347.0,True
348.0,True
349.0,True
350.0,True
351.0,True
352.0,True
353.0,True
354.0,True
355.0,True
356.0,True
357.0,True
358.0,True
359.0,True
360.0,True
361.0,True
362.0,True
363.0,True
364.0,True
365.0,True
366.0,True
367.0,True
368.0,True
369.0,True
370.0,True
371.0,True
372.0,True
373.0,True
374.0,True
375.0,True
376.0,True
377.0,True
378.0,True
379.0,True
380.0,True
381.0,True
382.0,True
383.0,True
384.0,True
385.0,True
386.0,True
387.0,True
388.0,True
389.0,True
390.0,True
391.0,True
392.0,True
393.0,True
394.0,True
395.0,True
396.0,True
397.0,True
398.0,True
399.0,True
400.0,True
401.0,True
402.0,True
403.0,True
404.0,True
405.0,True
406.0,True
407.0,True
408.0,True
409.0,True
410.0,True
411.0,True
412.0,True
413.0,True
414.0,True
415.0,True
416.0,True
417.0,True
418.0,True
419.0,True
420.0,True
421.0,True
422.0,True
423.0,True
424.0,True
425.0,True
426.0,True
427.0,True
428.0,True
429.0,True
430.0,True
431.0,True
432.0,True
433.0,True
434.0,True
435.0,True
436.0,True
437.0,True
438.0,True
439.0,True
440.0,True
441.0,True
442.0,True
443.0,True
444.0,True
445.0,True
446.0,True
447.0,True
448.0,True
449.0,True
450.0,True
451.0,True
452.0,True
453.0,True
454.0,True
455.0,True
456.0,True
457.0,True
458.0,True
459.0,True
460.0,True
461.0,True
462.0,True
463.0,True
464.0,True
465.0,True
466.0,True
467.0,True
468.0,True
469.0,True
470.0,True
471.0,True
472.0,True
473.0,True
474.0,True
475.0,True
476.0,True
477.0,True
478.0,True
479.0,True
480.0,True
481.0,True
482.0,True
483.0,True
484.0,True
485.0,True
486.0,True
487.0,True
488.0,True
489.0,True
490.0,True
491.0,True
492.0,True
493.0,True
494.0,True
495.0,True
496.0,True
497.0,True
498.0,True
499.0,True
500.0,True
501.0,True
502.0,True
503.0,True
504.0,True
505.0,True
506.0,True
507.0,True
508.0,True
509.0,True
510.0,True
511.0,True
512.0,True
513.0,True
514.0,True
515.0,True
516.0,True
517.0,True
518.0,True
519.0,True
520.0,True
521.0,True
522.0,True
523.0,True
524.0,True
525.0,True
526.0,True
527.0,True
528.0,True
529.0,True
530.0,True
531.0,True
532.0,True
533.0,True
534.0,True
535.0,True
536.0,True
537.0,True
538.0,True
539.0,True
540.0,True
541.0,True
542.0,True
543.0,True
544.0,True
545.0,True
546.0,True
547.0,True
548.0,True
549.0,True
550.0,True
551.0,True
552.0,True
553.0,True
554.0,True
555.0,True
556.0,True
557.0,True
558.0,True
559.0,True
560.0,True
561.0,True
562.0,True
563.0,True
564.0,True
565.0,True
566.0,True
567.0,True
568.0,True
569.0,True
570.0,True
571.0,True
572.0,True
573.0,True
574.0,True
575.0,True
576.0,True
577.0,True
578.0,True
579.0,True
580.0,True
581.0,True
582.0,True
583.0,True
584.0,True
585.0,True
586.0,True
587.0,True
588.0,True
589.0,True
590.0,True
591.0,True
592.0,True
593.0,True
594.0,True
595.0,True
596.0,True
597.0,True
598.0,True
599.0,True
600.0,True
601.0,True
602.0,True
603.0,True
604.0,True
605.0,True
606.0,True
607.0,True
608.0,True
609.0,True
610.0,True
611.0,True
612.0,True
613.0,True
614.0,True
615.0,True
616.0,True
617.0,True
618.0,True
619.0,True
620.0,True
621.0,True
622.0,True
623.0,True
624.0,True
625.0,True
626.0,True
627.0,True
628.0,True
629.0,True
630.0,True
631.0,True
632.0,True
633.0,True
634.0,True
635.0,True
636.0,True
637.0,True
638.0,True
639.0,True
640.0,True
641.0,True
642.0,True
643.0,True
644.0,True
645.0,True
646.0,True
647.0,True
648.0,True
649.0,True
650.0,True
651.0,True
652.0,True
653.0,True
654.0,True
655.0,True
656.0,True
657.0,True
658.0,True
659.0,True
660.0,True
661.0,True
662.0,True
663.0,True
664.0,True
665.0,True
666.0,True
667.0,True
668.0,True
669.0,True
670.0,True
671.0,True
672.0,True
673.0,True
674.0,True
675.0,True
676.0,True
677.0,True
678.0,True
679.0,True
680.0,True
681.0,True
682.0,True
683.0,True
684.0,True
685.0,True
686.0,True
687.0,True
688.0,True
689.0,True
690.0,True
691.0,True
692.0,True
693.0,True
694.0,True
695.0,True
696.0,True
697.0,True
698.0,True
699.0,True
700.0,True
701.0,True
702.0,True
703.0,True
704.0,True
705.0,True
706.0,True
707.0,True
708.0,True
709.0,True
710.0,True
711.0,True
712.0,True
713.0,True
714.0,True
715.0,True
716.0,True
717.0,True
718.0,True
719.0,True
720.0,True
721.0,True
722.0,True
723.0,True
724.0,True
725.0,True
726.0,True
727.0,True
728.0,True
729.0,True
730.0,True
731.0,True
732.0,True
733.0,True
734.0,True
735.0,True
736.0,True
737.0,True
738.0,True
739.0,True
740.0,True
741.0,True
742.0,True
743.0,True
744.0,True
745.0,True
746.0,True
747.0,True
748.0,True
749.0,True
750.0,True
751.0,True
752.0,True
753.0,True
754.0,True
755.0,True
756.0,True
757.0,True
758.0,True
759.0,True
760.0,True
761.0,True
762.0,True
763.0,True
764.0,True
765.0,True
766.0,True
767.0,True
768.0,True
769.0,True
770.0,True
771.0,True
772.0,True
773.0,True
774.0,True
775.0,True
776.0,True
777.0,True
778.0,True
779.0,True
780.0,True
781.0,True
782.0,True
783.0,True
784.0,True
785.0,True
786.0,True
787.0,True
788.0,True
789.0,True
790.0,True
791.0,True
792.0,True
793.0,True
794.0,True
795.0,True
796.0,True
797.0,True
798.0,True
799.0,True
800.0,True
801.0,True
802.0,True
803.0,True
804.0,True
805.0,True
806.0,True
807.0,True
808.0,True
809.0,True
810.0,True
811.0,True
812.0,True
813.0,True
814.0,True
815.0,True
816.0,True
817.0,True
818.0,True
819.0,True
820.0,True
821.0,True
822.0,True
823.0,True
824.0,True
825.0,True
826.0,True
827.0,True
828.0,True
829.0,True
830.0,True
831.0,True
832.0,True
833.0,True
834.0,True
835.0,True
836.0,True
837.0,True
838.0,True
839.0,True
840.0,True
841.0,True
842.0,True
843.0,True
844.0,True
845.0,True
846.0,True
847.0,True
848.0,True
849.0,True
850.0,True
851.0,True
852.0,True
853.0,True
854.0,True
855.0,True
856.0,True
857.0,True
858.0,True
859.0,True
860.0,True
861.0,True
862.0,True
863.0,True
864.0,True
865.0,True
866.0,True
867.0,True
868.0,True
869.0,True
870.0,True
871.0,True
872.0,True
873.0,True
874.0,True
875.0,True
876.0,True
877.0,True
878.0,True
879.0,True
880.0,True
881.0,True
882.0,True
883.0,True
884.0,True
885.0,True
886.0,True
887.0,True
888.0,True
889.0,True
890.0,True
891.0,True
892.0,True
893.0,True
894.0,True
895.0,True
896.0,True
897.0,True
898.0,True
899.0,True
900.0,True
901.0,True
902.0,True
903.0,True
904.0,True
905.0,True
906.0,True
907.0,True
908.0,True
909.0,True
910.0,True
911.0,True
912.0,True
913.0,True
914.0,True
915.0,True
916.0,True
917.0,True
918.0,True
919.0,True
920.0,True
921.0,True
922.0,True
923.0,True
924.0,True
925.0,True
926.0,True
927.0,True
928.0,True
929.0,True
930.0,True
931.0,True
932.0,True
933.0,True
934.0,True
935.0,True
936.0,True
937.0,True
938.0,True
939.0,True
940.0,True
941.0,True
942.0,True
943.0,True
944.0,True
945.0,True
946.0,True
947.0,True
948.0,True
949.0,True
950.0,True
951.0,True
952.0,True
953.0,True
954.0,True
955.0,True
956.0,True
957.0,True
958.0,True
959.0,True
960.0,True
961.0,True
962.0,True
963.0,True
964.0,True
965.0,True
966.0,True
967.0,True
968.0,True
969.0,True
970.0,True
971.0,True
972.0,True
973.0,True
974.0,True
975.0,True
976.0,True
977.0,True
978.0,True
979.0,True
980.0,True
981.0,True
982.0,True
983.0,True
984.0,True
985.0,True
986.0,True
987.0,True
988.0,True
989.0,True
990.0,True
991.0,True
992.0,True
993.0,True
994.0,True
995.0,True
996.0,True
997.0,True
998.0,True
999.0,True
1000.0,True
1001.0,True
1002.0,True
1003.0,True
1004.0,True
1005.0,True
1006.0,True
1007.0,True
1008.0,True
1009.0,True
1010.0,True
1011.0,True
1012.0,True
1013.0,True
1014.0,True
1015.0,True
1016.0,True
1017.0,True
1018.0,True
1019.0,True
1020.0,True
1021.0,True
1022.0,True
1023.0,True
1024.0,True
1025.0,True
1026.0,True
1027.0,True
1028.0,True
1029.0,True
1030.0,True
1031.0,True
1032.0,True
1033.0,True
1034.0,True
1035.0,True
1036.0,True
1037.0,True
1038.0,True
1039.0,True
1040.0,True
1041.0,True
1042.0,True
1043.0,True
1044.0,True
1045.0,True
1046.0,True
1047.0,True
1048.0,True
1049.0,True
1050.0,True
1051.0,True
1052.0,True
1053.0,True
1054.0,True
1055.0,True
1056.0,True
1057.0,True
1058.0,True
1059.0,True
1060.0,True
1061.0,True
1062.0,True
1063.0,True
1064.0,True
1065.0,True
1066.0,True
1067.0,True
1068.0,True
1069.0,True
1070.0,True
1071.0,True
1072.0,True
1073.0,True
1074.0,True
1075.0,True
1076.0,True
1077.0,True
1078.0,True
1079.0,True
1080.0,True
1081.0,True
1082.0,True
1083.0,True
1084.0,True
1085.0,True
1086.0,True
1087.0,True
1088.0,True
1089.0,True
1090.0,True
1091.0,True
1092.0,True
1093.0,True
1094.0,True
1095.0,True
1096.0,True
1097.0,True
1098.0,True
1099.0,True
1100.0,True
1101.0,True
1102.0,True
1103.0,True
1104.0,True
1105.0,True
1106.0,True
1107.0,True
1108.0,True
1109.0,True
1110.0,True
1111.0,True
1112.0,True
1113.0,True
1114.0,True
1115.0,True
1116.0,True
1117.0,True
1118.0,True
1119.0,True
1120.0,True
1121.0,True
1122.0,True
1123.0,True
1124.0,True
1125.0,True
1126.0,True
1127.0,True
1128.0,True
1129.0,True
1130.0,True
1131.0,True
1132.0,True
1133.0,True
1134.0,True
1135.0,True
1136.0,True
1137.0,True
1138.0,True
1139.0,True
1140.0,True
1141.0,True
1142.0,True
1143.0,True
1144.0,True
1145.0,True
1146.0,True
1147.0,True
1148.0,True
1149.0,True
1150.0,True
1151.0,True
1152.0,True
1153.0,True
1154.0,True
1155.0,True
1156.0,True
1157.0,True
1158.0,True
1159.0,True
1160.0,True
1161.0,True
1162.0,True
1163.0,True
1164.0,True
1165.0,True
1166.0,True
1167.0,True
1168.0,True
1169.0,True
1170.0,True
1171.0,True
1172.0,True
1173.0,True
1174.0,True
1175.0,True
1176.0,True
1177.0,True
1178.0,True
1179.0,True
1180.0,True
1181.0,True
1182.0,True
1183.0,True
1184.0,True
1185.0,True
1186.0,True
1187.0,True
1188.0,True
1189.0,True
1190.0,True
1191.0,True
1192.0,True
1193.0,True
1194.0,True
1195.0,True
1196.0,True
1197.0,True
1198.0,True
1199.0,True
1200.0,True
1201.0,True
1202.0,True
1203.0,True
1204.0,True
1205.0,True
1206.0,True
1207.0,True
1208.0,True
1209.0,True
1210.0,True
1211.0,True
1212.0,True
1213.0,True
1214.0,True
1215.0,True
1216.0,True
1217.0,True
1218.0,True
1219.0,True
1220.0,True
1221.0,True
1222.0,True
1223.0,True
1224.0,True
1225.0,True
1226.0,True
1227.0,True
1228.0,True
1229.0,True
1230.0,True
1231.0,True
1232.0,True
1233.0,True
1234.0,True
1235.0,True
1236.0,True
1237.0,True
1238.0,True
1239.0,True
1240.0,True
1241.0,True
1242.0,True
1243.0,True
1244.0,True
1245.0,True
1246.0,True
1247.0,True
1248.0,True
1249.0,True
1250.0,True
1251.0,True
1252.0,True
1253.0,True
1254.0,True
1255.0,True
1256.0,True
1257.0,True
1258.0,True
1259.0,True
1260.0,True
1261.0,True
1262.0,True
1263.0,True
1264.0,True
1265.0,True
1266.0,True
1267.0,True
1268.0,True
1269.0,True
1270.0,True
1271.0,True
1272.0,True
1273.0,True
1274.0,True
1275.0,True
1276.0,True
1277.0,True
1278.0,True
1279.0,True
1280.0,True
1281.0,True
1282.0,True
1283.0,True
1284.0,True
1285.0,True
1286.0,True
1287.0,True
1288.0,True
1289.0,True
1290.0,True
1291.0,True
1292.0,True
1293.0,True
1294.0,True
1295.0,True
1296.0,True
1297.0,True
1298.0,True
1299.0,True
1300.0,True
1301.0,True
1302.0,True
1303.0,True
1304.0,True
1305.0,True
1306.0,True
1307.0,True
1308.0,True
1309.0,True
1310.0,True
1311.0,True
1312.0,True
1313.0,True
1314.0,True
1315.0,True
1316.0,True
1317.0,True
1318.0,True
1319.0,True
1320.0,True
1321.0,True
1322.0,True
1323.0,True
1324.0,True
1325.0,True
1326.0,True
1327.0,True
1328.0,True
1329.0,True
1330.0,True
1331.0,True
1332.0,True
1333.0,True
1334.0,True
1335.0,True
1336.0,True
1337.0,True
1338.0,True
1339.0,True
1340.0,True
1341.0,True
1342.0,True
1343.0,True
1344.0,True
1345.0,True
1346.0,True
1347.0,True
1348.0,True
1349.0,True
1350.0,True
1351.0,True
1352.0,True
1353.0,True
1354.0,True
1355.0,True
1356.0,True
1357.0,True
1358.0,True
1359.0,True
1360.0,True
1361.0,True
1362.0,True
1363.0,True
1364.0,True
1365.0,True
1366.0,True
1367.0,True
1368.0,True
1369.0,True
1370.0,True
1371.0,True
1372.0,True
1373.0,True
1374.0,True
1375.0,True
1376.0,True
1377.0,True
1378.0,True
1379.0,True
1380.0,True
1381.0,True
1382.0,True
1383.0,True
1384.0,True
1385.0,True
1386.0,True
1387.0,True
1388.0,True
1389.0,True
1390.0,True
1391.0,True
1392.0,True
1393.0,True
1394.0,True
1395.0,True
1396.0,True
1397.0,True
1398.0,True
1399.0,True
1400.0,True
1401.0,True
1402.0,True
1403.0,True
1404.0,True
1405.0,True
1406.0,True
1407.0,True
1408.0,True
1409.0,True
1410.0,True
1411.0,True
1412.0,True
1413.0,True
1414.0,True
1415.0,True
1416.0,True
1417.0,True
1418.0,True
1419.0,True
1420.0,True
1421.0,True
1422.0,True
1423.0,True
1424.0,True
1425.0,True
1426.0,True
1427.0,True
1428.0,True
1429.0,True
1430.0,True
1431.0,True
1432.0,True
1433.0,True
1434.0,True
1435.0,True
1436.0,True
1437.0,True
1438.0,True
1439.0,True
1440.0,True
1441.0,True
1442.0,True
1443.0,True
1444.0,True
1445.0,True
1446.0,True
1447.0,True
1448.0,True
1449.0,True
1450.0,True
1451.0,True
1452.0,True
1453.0,True
1454.0,True
1455.0,True
1456.0,True
1457.0,True
1458.0,True
1459.0,True
1460.0,True
1461.0,True
1462.0,True
1463.0,True
1464.0,True
1465.0,True
1466.0,True
1467.0,True
1468.0,True
1469.0,True
1470.0,True
1471.0,True
1472.0,True
1473.0,True
1474.0,True
1475.0,True
1476.0,True
1477.0,True
1478.0,True
1479.0,True
1480.0,True
1481.0,True
1482.0,True
1483.0,True
1484.0,True
1485.0,True
1486.0,True
1487.0,True
1488.0,True
1489.0,True
1490.0,True
1491.0,True
1492.0,True
1493.0,True
1494.0,True
1495.0,True
1496.0,True
1497.0,True
1498.0,True
1499.0,True
1500.0,True
1501.0,True
1502.0,True
1503.0,True
1504.0,True
1505.0,True
1506.0,True
1507.0,True
1508.0,True
1509.0,True
1510.0,True
1511.0,True
1512.0,True
1513.0,True
1514.0,True
1515.0,True
1516.0,True
1517.0,True
1518.0,True
1519.0,True
1520.0,True
1521.0,True
1522.0,True
1523.0,True
1524.0,True
1525.0,True
1526.0,True
1527.0,True
1528.0,True
1529.0,True
1530.0,True
1531.0,True
1532.0,True
1533.0,True
1534.0,True
1535.0,True
1536.0,True
1537.0,True
1538.0,True
1539.0,True
1540.0,True
1541.0,True
1542.0,True
1543.0,True
1544.0,True
1545.0,True
1546.0,True
1547.0,True
1548.0,True
1549.0,True
1550.0,True
1551.0,True
1552.0,True
1553.0,True
1554.0,True
1555.0,True
1556.0,True
1557.0,True
1558.0,True
1559.0,True
1560.0,True
1561.0,True
1562.0,True
1563.0,True
1564.0,True
1565.0,True
1566.0,True
1567.0,True
1568.0,True
1569.0,True
1570.0,True
1571.0,True
1572.0,True
1573.0,True
1574.0,True
1575.0,True
1576.0,True
1577.0,True
1578.0,True
1579.0,True
1580.0,True
1581.0,True
1582.0,True
1583.0,True
1584.0,True
1585.0,True
1586.0,True
1587.0,True
1588.0,True
1589.0,True
1590.0,True
1591.0,True
1592.0,True
1593.0,True
1594.0,True
1595.0,True
1596.0,True
1597.0,True
1598.0,True
1599.0,True
1600.0,True
1601.0,True
1602.0,True
1603.0,True
1604.0,True
1605.0,True
1606.0,True
1607.0,True
1608.0,True
1609.0,True
1610.0,True
1611.0,True
1612.0,True
1613.0,True
1614.0,True
1615.0,True
1616.0,True
1617.0,True
1618.0,True
1619.0,True
1620.0,True
1621.0,True
1622.0,True
1623.0,True
1624.0,True
1625.0,True
1626.0,True
1627.0,True
1628.0,True
1629.0,True
1630.0,True
1631.0,True
1632.0,True
1633.0,True
1634.0,True
1635.0,True
1636.0,True
1637.0,True
1638.0,True
1639.0,True
1640.0,True
1641.0,True
1642.0,True
1643.0,True
1644.0,True
1645.0,True
1646.0,True
1647.0,True
1648.0,True
1649.0,True
1650.0,True
1651.0,True
1652.0,True
1653.0,True
1654.0,True
1655.0,True
1656.0,True
1657.0,True
1658.0,True
1659.0,True
1660.0,True
1661.0,True
1662.0,True
1663.0,True
1664.0,True
1665.0,True
1666.0,True
1667.0,True
1668.0,True
1669.0,True
1670.0,True
1671.0,True
1672.0,True
1673.0,True
1674.0,True
1675.0,True
1676.0,True
1677.0,True
1678.0,True
1679.0,True
1680.0,True
1681.0,True
1682.0,True
1683.0,True
1684.0,True
1685.0,True
1686.0,True
1687.0,True
1688.0,True
1689.0,True
1690.0,True
1691.0,True
1692.0,True
1693.0,True
1694.0,True
1695.0,True
1696.0,True
1697.0,True
1698.0,True
1699.0,True
1700.0,True
1701.0,True
1702.0,True
1703.0,True
1704.0,True
1705.0,True
1706.0,True
1707.0,True
1708.0,True
1709.0,True
1710.0,True
1711.0,True
1712.0,True
1713.0,True
1714.0,True
1715.0,True
1716.0,True
1717.0,True
1718.0,True
1719.0,True
1720.0,True
1721.0,True
1722.0,True
1723.0,True
1724.0,True
1725.0,True
1726.0,True
1727.0,True
1728.0,True
1729.0,True
1730.0,True
1731.0,True
1732.0,True
1733.0,True
1734.0,True
1735.0,True
1736.0,True
1737.0,True
1738.0,True
1739.0,True
1740.0,True
1741.0,True
1742.0,True
1743.0,True
1744.0,True
1745.0,True
1746.0,True
1747.0,True
1748.0,True
1749.0,True
1750.0,True
1751.0,True
1752.0,True
1753.0,True
1754.0,True
1755.0,True
1756.0,True
1757.0,True
1758.0,True
1759.0,True
1760.0,True
1761.0,True
1762.0,True
1763.0,True
1764.0,True
1765.0,True
1766.0,True
1767.0,True
1768.0,True
1769.0,True
1770.0,True
1771.0,True
1772.0,True
1773.0,True
1774.0,True
1775.0,True
1776.0,True
1777.0,True
1778.0,True
1779.0,True
1780.0,True
1781.0,True
1782.0,True
1783.0,True
1784.0,True
1785.0,True
1786.0,True
1787.0,True
1788.0,True
1789.0,True
1790.0,True
1791.0,True
1792.0,True
1793.0,True
1794.0,True
1795.0,True
1796.0,True
1797.0,True
1798.0,True
1799.0,True
1800.0,True
1801.0,True
1802.0,True
1803.0,True
1804.0,True
1805.0,True
1806.0,True
1807.0,True
1808.0,True
1809.0,True
1810.0,True
1811.0,True
1812.0,True
1813.0,True
1814.0,True
1815.0,True
1816.0,True
1817.0,True
1818.0,True
1819.0,True
1820.0,True
1821.0,True
1822.0,True
1823.0,True
1824.0,True
1825.0,True
1826.0,True
1827.0,True
1828.0,True
1829.0,True
1830.0,True
1831.0,True
1832.0,True
1833.0,True
1834.0,True
1835.0,True
1836.0,True
1837.0,True
1838.0,True
1839.0,True
1840.0,True
1841.0,True
1842.0,True
1843.0,True
1844.0,True
1845.0,True
1846.0,True
1847.0,True
1848.0,True
1849.0,True
1850.0,True
1851.0,True
1852.0,True
1853.0,True
1854.0,True
1855.0,True
1856.0,True
1857.0,True
1858.0,True
1859.0,True
1860.0,True
1861.0,True
1862.0,True
1863.0,True
1864.0,True
1865.0,True
1866.0,True
1867.0,True
1868.0,True
1869.0,True
1870.0,True
1871.0,True
1872.0,True
1873.0,True
1874.0,True
1875.0,True
1876.0,True
1877.0,True
1878.0,True
1879.0,True
1880.0,True
1881.0,True
1882.0,True
1883.0,True
1884.0,True
1885.0,True
1886.0,True
1887.0,True
1888.0,True
1889.0,True
1890.0,True
1891.0,True
1892.0,True
1893.0,True
1894.0,True
1895.0,True
1896.0,True
1897.0,True
1898.0,True
1899.0,True
1900.0,True
1901.0,True
1902.0,True
1903.0,True
1904.0,True
1905.0,True
1906.0,True
1907.0,True
1908.0,True
1909.0,True
1910.0,True
1911.0,True
1912.0,True
1913.0,True
1914.0,True
1915.0,True
1916.0,True
1917.0,True
1918.0,True
1919.0,True
1920.0,True
1921.0,True
1922.0,True
1923.0,True
1924.0,True
1925.0,True
1926.0,True
1927.0,True
1928.0,True
1929.0,True
1930.0,True
1931.0,True
1932.0,True
1933.0,True
1934.0,True
1935.0,True
1936.0,True
1937.0,True
1938.0,True
1939.0,True
1940.0,True
1941.0,True
1942.0,True
1943.0,True
1944.0,True
1945.0,True
1946.0,True
1947.0,True
1948.0,True
1949.0,True
1950.0,True
1951.0,True
1952.0,True
1953.0,True
1954.0,True
1955.0,True
1956.0,True
1957.0,True
1958.0,True
1959.0,True
1960.0,True
1961.0,True
1962.0,True
1963.0,True
1964.0,True
1965.0,True
1966.0,True
1967.0,True
1968.0,True
1969.0,True
1970.0,True
1971.0,True
1972.0,True
1973.0,True
1974.0,True
1975.0,True
1976.0,True
1977.0,True
1978.0,True
1979.0,True
1980.0,True
1981.0,True
1982.0,True
1983.0,True
1984.0,True
1985.0,True
1986.0,True
1987.0,True
1988.0,True
1989.0,True
1990.0,True
1991.0,True
1992.0,True
1993.0,True
1994.0,True
1995.0,True
1996.0,True
1997.0,True
1998.0,True
1999.0,True
2000.0,True
2001.0,True
2002.0,True
2003.0,True
2004.0,True
2005.0,True
2006.0,True
2007.0,True
2008.0,True
2009.0,True
2010.0,True
2011.0,True
2012.0,True
2013.0,True
2014.0,True
2015.0,True
2016.0,True
2017.0,True
2018.0,True
2019.0,True
2020.0,True
2021.0,True
2022.0,True
2023.0,True
2024.0,True
2025.0,True
2026.0,True
2027.0,True
2028.0,True
2029.0,True
2030.0,True
2031.0,True
2032.0,True
2033.0,True
2034.0,True
2035.0,True
2036.0,True
2037.0,True
2038.0,True
2039.0,True
2040.0,True
2041.0,True
2042.0,True
2043.0,True
2044.0,True
2045.0,True
2046.0,True
2047.0,True
2048.0,True
2049.0,True
2050.0,True
2051.0,True
2052.0,True
2053.0,True
2054.0,True
2055.0,True
2056.0,True
2057.0,True
2058.0,True
2059.0,True
2060.0,True
2061.0,True
2062.0,True
2063.0,True
2064.0,True
2065.0,True
2066.0,True
2067.0,True
2068.0,True
2069.0,True
2070.0,True
2071.0,True
2072.0,True
2073.0,True
2074.0,True
2075.0,True
2076.0,True
2077.0,True
2078.0,True
2079.0,True
2080.0,True
2081.0,True
2082.0,True
2083.0,True
2084.0,True
2085.0,True
2086.0,True
2087.0,True
2088.0,True
2089.0,True
2090.0,True
2091.0,True
2092.0,True
2093.0,True
2094.0,True
2095.0,True
2096.0,True
2097.0,True
2098.0,True
2099.0,True
2100.0,True
2101.0,True
2102.0,True
2103.0,True
2104.0,True
2105.0,True
2106.0,True
2107.0,True
2108.0,True
2109.0,True
2110.0,True
2111.0,True
2112.0,True
2113.0,True
2114.0,True
2115.0,True
2116.0,True
2117.0,True
2118.0,True
2119.0,True
2120.0,True
2121.0,True
2122.0,True
2123.0,True
2124.0,True
2125.0,True
2126.0,True
2127.0,True
2128.0,True
2129.0,True
2130.0,True
2131.0,True
2132.0,True
2133.0,True
2134.0,True
2135.0,True
2136.0,True
2137.0,True
2138.0,True
2139.0,True
2140.0,True
2141.0,True
2142.0,True
2143.0,True
2144.0,True
2145.0,True
2146.0,True
2147.0,True
2148.0,True
2149.0,True
2150.0,True
2151.0,True
2152.0,True
2153.0,True
2154.0,True
2155.0,True
2156.0,True
2157.0,True
2158.0,True
2159.0,True
2160.0,True
2161.0,True
2162.0,True
2163.0,True
2164.0,True
2165.0,True
2166.0,True
2167.0,True
2168.0,True
2169.0,True
2170.0,True
2171.0,True
2172.0,True
2173.0,True
2174.0,True
2175.0,True
2176.0,True
2177.0,True
2178.0,True
2179.0,True
2180.0,True
2181.0,True
2182.0,True
2183.0,True
2184.0,True
2185.0,True
2186.0,True
2187.0,True
2188.0,True
2189.0,True
2190.0,True
2191.0,True
2192.0,True
2193.0,True
2194.0,True
2195.0,True
2196.0,True
2197.0,True
2198.0,True
2199.0,True
2200.0,True
2201.0,True
2202.0,True
2203.0,True
2204.0,True
2205.0,True
2206.0,True
2207.0,True
2208.0,True
2209.0,True
2210.0,True
2211.0,True
2212.0,True
2213.0,True
2214.0,True
2215.0,True
2216.0,True
2217.0,True
2218.0,True
2219.0,True
2220.0,True
2221.0,True
2222.0,True
2223.0,True
2224.0,True
2225.0,True
2226.0,True
2227.0,True
2228.0,True
2229.0,True
2230.0,True
2231.0,True
2232.0,True
2233.0,True
2234.0,True
2235.0,True
2236.0,True
2237.0,True
2238.0,True
2239.0,True
2240.0,True
2241.0,True
2242.0,True
2243.0,True
2244.0,True
2245.0,True
2246.0,True
2247.0,True
2248.0,True
2249.0,True
2250.0,True
2251.0,True
2252.0,True
2253.0,True
2254.0,True
2255.0,True
2256.0,True
2257.0,True
2258.0,True
2259.0,True
2260.0,True
2261.0,True
2262.0,True
2263.0,True
2264.0,True
2265.0,True
2266.0,True
2267.0,True
2268.0,True
2269.0,True
2270.0,True
2271.0,True
2272.0,True
2273.0,True
2274.0,True
2275.0,True
2276.0,True
2277.0,True
2278.0,True
2279.0,True
2280.0,True
2281.0,True
2282.0,True
2283.0,True
2284.0,True
2285.0,True
2286.0,True
2287.0,True
2288.0,True
2289.0,True
2290.0,True
2291.0,True
2292.0,True
2293.0,True
2294.0,True
2295.0,True
2296.0,True
2297.0,True
2298.0,True
2299.0,True
2300.0,True
2301.0,True
2302.0,True
2303.0,True
2304.0,True
2305.0,True
2306.0,True
2307.0,True
2308.0,True
2309.0,True
2310.0,True
2311.0,True
2312.0,True
2313.0,True
2314.0,True
2315.0,True
2316.0,True
2317.0,True
2318.0,True
2319.0,True
2320.0,True
2321.0,True
2322.0,True
2323.0,True
2324.0,True
2325.0,True
2326.0,True
2327.0,True
2328.0,True
2329.0,True
2330.0,True
2331.0,True
2332.0,True
2333.0,True
2334.0,True
2335.0,True
2336.0,True
2337.0,True
2338.0,True
2339.0,True
2340.0,True
2341.0,True
2342.0,True
2343.0,True
2344.0,True
2345.0,True
2346.0,True
2347.0,True
2348.0,True
2349.0,True
2350.0,True
2351.0,True
2352.0,True
2353.0,True
2354.0,True
2355.0,True
2356.0,True
2357.0,True
2358.0,True
2359.0,True
2360.0,True
2361.0,True
2362.0,True
2363.0,True
2364.0,True
2365.0,True
2366.0,True
2367.0,True
2368.0,True
2369.0,True
2370.0,True
2371.0,True
2372.0,True
2373.0,True
2374.0,True
2375.0,True
2376.0,True
2377.0,True
2378.0,True
2379.0,True
2380.0,True
2381.0,True
2382.0,True
2383.0,True
2384.0,True
2385.0,True
2386.0,True
2387.0,True
2388.0,True
2389.0,True
2390.0,True
2391.0,True
2392.0,True
2393.0,True
2394.0,True
2395.0,True
2396.0,True
2397.0,True
2398.0,True
2399.0,True
2400.0,True
2401.0,True
2402.0,True
2403.0,True
2404.0,True
2405.0,True
2406.0,True
2407.0,True
2408.0,True
2409.0,True
2410.0,True
2411.0,True
2412.0,True
2413.0,True
2414.0,True
2415.0,True
2416.0,True
2417.0,True
2418.0,True
2419.0,True
2420.0,True
2421.0,True
2422.0,True
2423.0,True
2424.0,True
2425.0,True
2426.0,True
2427.0,True
2428.0,True
2429.0,True
2430.0,True
2431.0,True
2432.0,True
2433.0,True
2434.0,True
2435.0,True
2436.0,True
2437.0,True
2438.0,True
2439.0,True
2440.0,True
2441.0,True
2442.0,True
2443.0,True
2444.0,True
2445.0,True
2446.0,True
2447.0,True
2448.0,True
2449.0,True
2450.0,True
2451.0,True
2452.0,True
2453.0,True
2454.0,True
2455.0,True
2456.0,True
2457.0,True
2458.0,True
2459.0,True
2460.0,True
2461.0,True
2462.0,True
2463.0,True
2464.0,True
2465.0,True
2466.0,True
2467.0,True
2468.0,True
2469.0,True
2470.0,True
2471.0,True
2472.0,True
2473.0,True
2474.0,True
2475.0,True
2476.0,True
2477.0,True
2478.0,True
2479.0,True
2480.0,True
2481.0,True
2482.0,True
2483.0,True
2484.0,True
2485.0,True
2486.0,True
2487.0,True
2488.0,True
2489.0,True
2490.0,True
2491.0,True
2492.0,True
2493.0,True
2494.0,True
2495.0,True
2496.0,True
2497.0,True
2498.0,True
2499.0,True
2500.0,True
2501.0,True
2502.0,True
2503.0,True
2504.0,True
2505.0,True
2506.0,True
2507.0,True
2508.0,True
2509.0,True
2510.0,True
2511.0,True
2512.0,True
2513.0,True
2514.0,True
2515.0,True
2516.0,True
2517.0,True
2518.0,True
2519.0,True
2520.0,True
2521.0,True
2522.0,True
2523.0,True
2524.0,True
2525.0,True
2526.0,True
2527.0,True
2528.0,True
2529.0,True
2530.0,True
2531.0,True
2532.0,True
2533.0,True
2534.0,True
2535.0,True
2536.0,True
2537.0,True
2538.0,True
2539.0,True
2540.0,True
2541.0,True
2542.0,True
2543.0,True
2544.0,True
2545.0,True
2546.0,True
2547.0,True
2548.0,True
2549.0,True
2550.0,True
2551.0,True
2552.0,True
2553.0,True
2554.0,True
2555.0,True
2556.0,True
2557.0,True
2558.0,True
2559.0,True
2560.0,True
2561.0,True
2562.0,True
2563.0,True
2564.0,True
2565.0,True
2566.0,True
2567.0,True
2568.0,True
2569.0,True
2570.0,True
2571.0,True
2572.0,True
2573.0,True
2574.0,True
2575.0,True
2576.0,True
2577.0,True
2578.0,True
2579.0,True
2580.0,True
2581.0,True
2582.0,True
2583.0,True
2584.0,True
2585.0,True
2586.0,True
2587.0,True
2588.0,True
2589.0,True
2590.0,True
2591.0,True
2592.0,True
2593.0,True
2594.0,True
2595.0,True
2596.0,True
2597.0,True
2598.0,True
2599.0,True
2600.0,True
2601.0,True
2602.0,True
2603.0,True
2604.0,True
2605.0,True
2606.0,True
2607.0,True
2608.0,True
2609.0,True
2610.0,True
2611.0,True
2612.0,True
2613.0,True
2614.0,True
2615.0,True
2616.0,True
2617.0,True
2618.0,True
2619.0,True
2620.0,True
2621.0,True
2622.0,True
2623.0,True
2624.0,True
2625.0,True
2626.0,True
2627.0,True
2628.0,True
2629.0,True
2630.0,True
2631.0,True
2632.0,True
2633.0,True
2634.0,True
2635.0,True
2636.0,True
2637.0,True
2638.0,True
2639.0,True
2640.0,True
2641.0,True
2642.0,True
2643.0,True
2644.0,True
2645.0,True
2646.0,True
2647.0,True
2648.0,True
2649.0,True
2650.0,True
2651.0,True
2652.0,True
2653.0,True
2654.0,True
2655.0,True
2656.0,True
2657.0,True
2658.0,True
2659.0,True
2660.0,True
2661.0,True
2662.0,True
2663.0,True
2664.0,True
2665.0,True
2666.0,True
2667.0,True
2668.0,True
2669.0,True
2670.0,True
2671.0,True
2672.0,True
2673.0,True
2674.0,True
2675.0,True
2676.0,True
2677.0,True
2678.0,True
2679.0,True
2680.0,True
2681.0,True
2682.0,True
2683.0,True
2684.0,True
2685.0,True
2686.0,True
2687.0,True
2688.0,True
2689.0,True
2690.0,True
2691.0,True
2692.0,True
2693.0,True
2694.0,True
2695.0,True
2696.0,True
2697.0,True
2698.0,True
2699.0,True
2700.0,True
2701.0,True
2702.0,True
2703.0,True
2704.0,True
2705.0,True
2706.0,True
2707.0,True
2708.0,True
2709.0,True
2710.0,True
2711.0,True
2712.0,True
2713.0,True
2714.0,True
2715.0,True
2716.0,True
2717.0,True
2718.0,True
2719.0,True
2720.0,True
2721.0,True
2722.0,True
2723.0,True
2724.0,True
2725.0,True
2726.0,True
2727.0,True
2728.0,True
2729.0,True
2730.0,True
2731.0,True
2732.0,True
2733.0,True
2734.0,True
2735.0,True
2736.0,True
2737.0,True
2738.0,True
2739.0,True
2740.0,True
2741.0,True
2742.0,True
2743.0,True
2744.0,True
2745.0,True
2746.0,True
2747.0,True
2748.0,True
2749.0,True
2750.0,True
2751.0,True
2752.0,True
2753.0,True
2754.0,True
2755.0,True
2756.0,True
2757.0,True
2758.0,True
2759.0,True
2760.0,True
2761.0,True
2762.0,True
2763.0,True
2764.0,True
2765.0,True
2766.0,True
2767.0,True
2768.0,True
2769.0,True
2770.0,True
2771.0,True
2772.0,True
2773.0,True
2774.0,True
2775.0,True
2776.0,True
2777.0,True
2778.0,True
2779.0,True
2780.0,True
2781.0,True
2782.0,True
2783.0,True
2784.0,True
2785.0,True
2786.0,True
2787.0,True
2788.0,True
2789.0,True
2790.0,True
2791.0,True
2792.0,True
2793.0,True
2794.0,True
2795.0,True
2796.0,True
2797.0,True
2798.0,True
2799.0,True
2800.0,True
2801.0,True
2802.0,True
2803.0,True
2804.0,True
2805.0,True
2806.0,True
2807.0,True
2808.0,True
2809.0,True
2810.0,True
2811.0,True
2812.0,True
2813.0,True
2814.0,True
2815.0,True
2816.0,True
2817.0,True
2818.0,True
2819.0,True
2820.0,True
2821.0,True
2822.0,True
2823.0,True
2824.0,True
2825.0,True
2826.0,True
2827.0,True
2828.0,True
2829.0,True
2830.0,True
2831.0,True
2832.0,True
2833.0,True
2834.0,True
2835.0,True
2836.0,True
2837.0,True
2838.0,True
2839.0,True
2840.0,True
2841.0,True
2842.0,True
2843.0,True
2844.0,True
2845.0,True
2846.0,True
2847.0,True
2848.0,True
2849.0,True
2850.0,True
2851.0,True
2852.0,True
2853.0,True
2854.0,True
2855.0,True
2856.0,True
2857.0,True
2858.0,True
2859.0,True
2860.0,True
2861.0,True
2862.0,True
2863.0,True
2864.0,True
2865.0,True
2866.0,True
2867.0,True
2868.0,True
2869.0,True
2870.0,True
2871.0,True
2872.0,True
2873.0,True
2874.0,True
2875.0,True
2876.0,True
2877.0,True
2878.0,True
2879.0,True
2880.0,True
2881.0,True
2882.0,True
2883.0,True
2884.0,True
2885.0,True
2886.0,True
2887.0,True
2888.0,True
2889.0,True
2890.0,True
2891.0,True
2892.0,True
2893.0,True
2894.0,True
2895.0,True
2896.0,True
2897.0,True
2898.0,True
2899.0,True
2900.0,True
2901.0,True
2902.0,True
2903.0,True
2904.0,True
2905.0,True
2906.0,True
2907.0,True
2908.0,True
2909.0,True
2910.0,True
2911.0,True
2912.0,True
2913.0,True
2914.0,True
2915.0,True
2916.0,True
2917.0,True
2918.0,True
2919.0,True
2920.0,True
2921.0,True
2922.0,True
2923.0,True
2924.0,True
2925.0,True
2926.0,True
2927.0,True
2928.0,True
2929.0,True
2930.0,True
2931.0,True
2932.0,True
2933.0,True
2934.0,True
2935.0,True
2936.0,True
2937.0,True
2938.0,True
2939.0,True
2940.0,True
2941.0,True
2942.0,True
2943.0,True
2944.0,True
2945.0,True
2946.0,True
2947.0,True
2948.0,True
2949.0,True
2950.0,True
2951.0,True
2952.0,True
2953.0,True
2954.0,True
2955.0,True
2956.0,True
2957.0,True
2958.0,True
2959.0,True
2960.0,True
2961.0,True
2962.0,True
2963.0,True
2964.0,True
2965.0,True
2966.0,True
2967.0,True
2968.0,True
2969.0,True
2970.0,True
2971.0,True
2972.0,True
2973.0,True
2974.0,True
2975.0,True
2976.0,True
2977.0,True
2978.0,True
2979.0,True
2980.0,True
2981.0,True
2982.0,True
2983.0,True
2984.0,True
2985.0,True
2986.0,True
2987.0,True
2988.0,True
2989.0,True
2990.0,True
2991.0,True
2992.0,True
2993.0,True
2994.0,True
2995.0,True
2996.0,True
2997.0,True
2998.0,True
2999.0,True
3000.0,True
3001.0,True
3002.0,True
3003.0,True
3004.0,True
3005.0,True
3006.0,True
3007.0,True
3008.0,True
3009.0,True
3010.0,True
3011.0,True
3012.0,True
3013.0,True
3014.0,True
3015.0,True
3016.0,True
3017.0,True
3018.0,True
3019.0,True
3020.0,True
3021.0,True
3022.0,True
3023.0,True
3024.0,True
3025.0,True
3026.0,True
3027.0,True
3028.0,True
3029.0,True
3030.0,True
3031.0,True
3032.0,True
3033.0,True
3034.0,True
3035.0,True
3036.0,True
3037.0,True
3038.0,True
3039.0,True
3040.0,True
3041.0,True
3042.0,True
3043.0,True
3044.0,True
3045.0,True
3046.0,True
3047.0,True
3048.0,True
3049.0,True
3050.0,True
3051.0,True
3052.0,True
3053.0,True
3054.0,True
3055.0,True
3056.0,True
3057.0,True
3058.0,True
3059.0,True
3060.0,True
3061.0,True
3062.0,True
3063.0,True
3064.0,True
3065.0,True
3066.0,True
3067.0,True
3068.0,True
3069.0,True
3070.0,True
3071.0,True
3072.0,True
3073.0,True
3074.0,True
3075.0,True
3076.0,True
3077.0,True
3078.0,True
3079.0,True
3080.0,True
3081.0,True
3082.0,True
3083.0,True
3084.0,True
3085.0,True
3086.0,True
3087.0,True
3088.0,True
3089.0,True
3090.0,True
3091.0,True
3092.0,True
3093.0,True
3094.0,True
3095.0,True
3096.0,True
3097.0,True
3098.0,True
3099.0,True
3100.0,True
3101.0,True
3102.0,True
3103.0,True
3104.0,True
3105.0,True
3106.0,True
3107.0,True
3108.0,True
3109.0,True
3110.0,True
3111.0,True
3112.0,True
3113.0,True
3114.0,True
3115.0,True
3116.0,True
3117.0,True
3118.0,True
3119.0,True
3120.0,True
3121.0,True
3122.0,True
3123.0,True
3124.0,True
3125.0,True
3126.0,True
3127.0,True
3128.0,True
3129.0,True
3130.0,True
3131.0,True
3132.0,True
3133.0,True
3134.0,True
3135.0,True
3136.0,True
3137.0,True
3138.0,True
3139.0,True
3140.0,True
3141.0,True
3142.0,True
3143.0,True
3144.0,True
3145.0,True
3146.0,True
3147.0,True
3148.0,True
3149.0,True
3150.0,True
3151.0,True
3152.0,True
3153.0,True
3154.0,True
3155.0,True
3156.0,True
3157.0,True
3158.0,True
3159.0,True
3160.0,True
3161.0,True
3162.0,True
3163.0,True
3164.0,True
3165.0,True
3166.0,True
3167.0,True
3168.0,True
3169.0,True
3170.0,True
3171.0,True
3172.0,True
3173.0,True
3174.0,True
3175.0,True
3176.0,True
3177.0,True
3178.0,True
3179.0,True
3180.0,True
3181.0,True
3182.0,True
3183.0,True
3184.0,True
3185.0,True
3186.0,True
3187.0,True
3188.0,True
3189.0,True
3190.0,True
3191.0,True
3192.0,True
3193.0,True
3194.0,True
3195.0,True
3196.0,True
3197.0,True
3198.0,True
3199.0,True
3200.0,True
3201.0,True
3202.0,True
3203.0,True
3204.0,True
3205.0,True
3206.0,True
3207.0,True
3208.0,True
3209.0,True
3210.0,True
3211.0,True
3212.0,True
3213.0,True
3214.0,True
3215.0,True
3216.0,True
3217.0,True
3218.0,True
3219.0,True
3220.0,True
3221.0,True
3222.0,True
3223.0,True
3224.0,True
3225.0,True
3226.0,True
3227.0,True
3228.0,True
3229.0,True
3230.0,True
3231.0,True
3232.0,True
3233.0,True
3234.0,True
3235.0,True
3236.0,True
3237.0,True
3238.0,True
3239.0,True
3240.0,True
3241.0,True
3242.0,True
3243.0,True
3244.0,True
3245.0,True
3246.0,True
3247.0,True
3248.0,True
3249.0,True
3250.0,True
3251.0,True
3252.0,True
3253.0,True
3254.0,True
3255.0,True
3256.0,True
3257.0,True
3258.0,True
3259.0,True
3260.0,True
3261.0,True
3262.0,True
3263.0,True
3264.0,True
3265.0,True
3266.0,True
3267.0,True
3268.0,True
3269.0,True
3270.0,True
3271.0,True
3272.0,True
3273.0,True
3274.0,True
3275.0,True
3276.0,True
3277.0,True
3278.0,True
3279.0,True
3280.0,True
3281.0,True
3282.0,True
3283.0,True
3284.0,True
3285.0,True
3286.0,True
3287.0,True
3288.0,True
3289.0,True
3290.0,True
3291.0,True
3292.0,True
3293.0,True
3294.0,True
3295.0,True
3296.0,True
3297.0,True
3298.0,True
3299.0,True
3300.0,True
3301.0,True
3302.0,True
3303.0,True
3304.0,True
3305.0,True
3306.0,True
3307.0,True
3308.0,True
3309.0,True
3310.0,True
3311.0,True
3312.0,True
3313.0,True
3314.0,True
3315.0,True
3316.0,True
3317.0,True
3318.0,True
3319.0,True
3320.0,True
3321.0,True
3322.0,True
3323.0,True
3324.0,True
3325.0,True
3326.0,True
3327.0,True
3328.0,True
3329.0,True
3330.0,True
3331.0,True
3332.0,True
3333.0,True
3334.0,True
3335.0,True
3336.0,True
3337.0,True
3338.0,True
3339.0,True
3340.0,True
3341.0,True
3342.0,True
3343.0,True
3344.0,True
3345.0,True
3346.0,True
3347.0,True
3348.0,True
3349.0,True
3350.0,True
3351.0,True
3352.0,True
3353.0,True
3354.0,True
3355.0,True
3356.0,True
3357.0,True
3358.0,True
3359.0,True
3360.0,True
3361.0,True
3362.0,True
3363.0,True
3364.0,True
3365.0,True
3366.0,True
3367.0,True
3368.0,True
3369.0,True
3370.0,True
3371.0,True
3372.0,True
3373.0,True
3374.0,True
3375.0,True
3376.0,True
3377.0,True
3378.0,True
3379.0,True
3380.0,True
3381.0,True
3382.0,True
3383.0,True
3384.0,True
3385.0,True
3386.0,True
3387.0,True
3388.0,True
3389.0,True
3390.0,True
3391.0,True
3392.0,True
3393.0,True
3394.0,True
3395.0,True
3396.0,True
3397.0,True
3398.0,True
3399.0,True
3400.0,True
3401.0,True
3402.0,True
3403.0,True
3404.0,True
3405.0,True
3406.0,True
3407.0,True
3408.0,True
3409.0,True
3410.0,True
3411.0,True
3412.0,True
3413.0,True
3414.0,True
3415.0,True
3416.0,True
3417.0,True
3418.0,True
3419.0,True
3420.0,True
3421.0,True
3422.0,True
3423.0,True
3424.0,True
3425.0,True
3426.0,True
3427.0,True
3428.0,True
3429.0,True
3430.0,True
3431.0,True
3432.0,True
3433.0,True
3434.0,True
3435.0,True
3436.0,True
3437.0,True
3438.0,True
3439.0,True
3440.0,True
3441.0,True
3442.0,True
3443.0,True
3444.0,True
3445.0,True
3446.0,True
3447.0,True
3448.0,True
3449.0,True
3450.0,True
3451.0,True
3452.0,True
3453.0,True
3454.0,True
3455.0,True
3456.0,True
3457.0,True
3458.0,True
3459.0,True
3460.0,True
3461.0,True
3462.0,True
3463.0,True
3464.0,True
3465.0,True
3466.0,True
3467.0,True
3468.0,True
3469.0,True
3470.0,True
3471.0,True
3472.0,True
3473.0,True
3474.0,True
3475.0,True
3476.0,True
3477.0,True
3478.0,True
3479.0,True
3480.0,True
3481.0,True
3482.0,True
3483.0,True
3484.0,True
3485.0,True
3486.0,True
3487.0,True
3488.0,True
3489.0,True
3490.0,True
3491.0,True
3492.0,True
3493.0,True
3494.0,True
3495.0,True
3496.0,True
3497.0,True
3498.0,True
3499.0,True
3500.0,True
3501.0,True
3502.0,True
3503.0,True
3504.0,True
3505.0,True
3506.0,True
3507.0,True
3508.0,True
3509.0,True
3510.0,True
3511.0,True
3512.0,True
3513.0,True
3514.0,True
3515.0,True
3516.0,True
3517.0,True
3518.0,True
3519.0,True
3520.0,True
3521.0,True
3522.0,True
3523.0,True
3524.0,True
3525.0,True
3526.0,True
3527.0,True
3528.0,True
3529.0,True
3530.0,True
3531.0,True
3532.0,True
3533.0,True
3534.0,True
3535.0,True
3536.0,True
3537.0,True
3538.0,True
3539.0,True
3540.0,True
3541.0,True
3542.0,True
3543.0,True
3544.0,True
3545.0,True
3546.0,True
3547.0,True
3548.0,True
3549.0,True
3550.0,True
3551.0,True
3552.0,True
3553.0,True
3554.0,True
3555.0,True
3556.0,True
3557.0,True
3558.0,True
3559.0,True
3560.0,True
3561.0,True
3562.0,True
3563.0,True
3564.0,True
3565.0,True
3566.0,True
3567.0,True
3568.0,True
3569.0,True
3570.0,True
3571.0,True
3572.0,True
3573.0,True
3574.0,True
3575.0,True
3576.0,True
3577.0,True
3578.0,True
3579.0,True
3580.0,True
3581.0,True
3582.0,True
3583.0,True
3584.0,True
3585.0,True
3586.0,True
3587.0,True
3588.0,True
3589.0,True
3590.0,True
3591.0,True
3592.0,True
3593.0,True
3594.0,True
3595.0,True
3596.0,True
3597.0,True
3598.0,True
3599.0,True
3600.0,True
3601.0,True
3602.0,True
3603.0,True
3604.0,True
3605.0,True
3606.0,True
3607.0,True
3608.0,True
3609.0,True
3610.0,True
3611.0,True
3612.0,True
3613.0,True
3614.0,True
3615.0,True
3616.0,True
3617.0,True
3618.0,True
3619.0,True
3620.0,True
3621.0,True
3622.0,True
3623.0,True
3624.0,True
3625.0,True
3626.0,True
3627.0,True
3628.0,True
3629.0,True
3630.0,True
3631.0,True
3632.0,True
3633.0,True
3634.0,True
3635.0,True
3636.0,True
3637.0,True
3638.0,True
3639.0,True
3640.0,True
3641.0,True
3642.0,True
3643.0,True
3644.0,True
3645.0,True
3646.0,True
3647.0,True
3648.0,True
3649.0,True
3650.0,True
3651.0,True
3652.0,True
3653.0,True
3654.0,True
3655.0,True
3656.0,True
3657.0,True
3658.0,True
3659.0,True
3660.0,True
3661.0,True
3662.0,True
3663.0,True
3664.0,True
3665.0,True
3666.0,True
3667.0,True
3668.0,True
3669.0,True
3670.0,True
3671.0,True
3672.0,True
3673.0,True
3674.0,True
3675.0,True
3676.0,True
3677.0,True
3678.0,True
3679.0,True
3680.0,True
3681.0,True
3682.0,True
3683.0,True
3684.0,True
3685.0,True
3686.0,True
3687.0,True
3688.0,True
3689.0,True
3690.0,True
3691.0,True
3692.0,True
3693.0,True
3694.0,True
3695.0,True
3696.0,True
3697.0,True
3698.0,True
3699.0,True
3700.0,True
3701.0,True
3702.0,True
3703.0,True
3704.0,True
3705.0,True
3706.0,True
3707.0,True
3708.0,True
3709.0,True
3710.0,True
3711.0,True
3712.0,True
3713.0,True
3714.0,True
3715.0,True
3716.0,True
3717.0,True
3718.0,True
3719.0,True
3720.0,True
3721.0,True
3722.0,True
3723.0,True
3724.0,True
3725.0,True
3726.0,True
3727.0,True
3728.0,True
3729.0,True
3730.0,True
3731.0,True
3732.0,True
3733.0,True
3734.0,True
3735.0,True
3736.0,True
3737.0,True
3738.0,True
3739.0,True
3740.0,True
3741.0,True
3742.0,True
3743.0,True
3744.0,True
3745.0,True
3746.0,True
3747.0,True
3748.0,True
3749.0,True
3750.0,True
3751.0,True
3752.0,True
3753.0,True
3754.0,True
3755.0,True
3756.0,True
3757.0,True
3758.0,True
3759.0,True
3760.0,True
3761.0,True
3762.0,True
3763.0,True
3764.0,True
3765.0,True
3766.0,True
3767.0,True
3768.0,True
3769.0,True
3770.0,True
3771.0,True
3772.0,True
3773.0,True
3774.0,True
3775.0,True
3776.0,True
3777.0,True
3778.0,True
3779.0,True
3780.0,True
3781.0,True
3782.0,True
3783.0,True
3784.0,True
3785.0,True
3786.0,True
3787.0,True
3788.0,True
3789.0,True
3790.0,True
3791.0,True
3792.0,True
3793.0,True
3794.0,True
3795.0,True
3796.0,True
3797.0,True
3798.0,True
3799.0,True
3800.0,True
3801.0,True
3802.0,True
3803.0,True
3804.0,True
3805.0,True
3806.0,True
3807.0,True
3808.0,True
3809.0,True
3810.0,True
3811.0,True
3812.0,True
3813.0,True
3814.0,True
3815.0,True
3816.0,True
3817.0,True
3818.0,True
3819.0,True
3820.0,True
3821.0,True
3822.0,True
3823.0,True
3824.0,True
3825.0,True
3826.0,True
3827.0,True
3828.0,True
3829.0,True
3830.0,True
3831.0,True
3832.0,True
3833.0,True
3834.0,True
3835.0,True
3836.0,True
3837.0,True
3838.0,True
3839.0,True
3840.0,True
3841.0,True
3842.0,True
3843.0,True
3844.0,True
3845.0,True
3846.0,True
3847.0,True
3848.0,True
3849.0,True
3850.0,True
3851.0,True
3852.0,True
3853.0,True
3854.0,True
3855.0,True
3856.0,True
3857.0,True
3858.0,True
3859.0,True
3860.0,True
3861.0,True
3862.0,True
3863.0,True
3864.0,True
3865.0,True
3866.0,True
3867.0,True
3868.0,True
3869.0,True
3870.0,True
3871.0,True
3872.0,True
3873.0,True
3874.0,True
3875.0,True
3876.0,True
3877.0,True
3878.0,True
3879.0,True
3880.0,True
3881.0,True
3882.0,True
3883.0,True
3884.0,True
3885.0,True
3886.0,True
3887.0,True
3888.0,True
3889.0,True
3890.0,True
3891.0,True
3892.0,True
3893.0,True
3894.0,True
3895.0,True
3896.0,True
3897.0,True
3898.0,True
3899.0,True
3900.0,True
3901.0,True
3902.0,True
3903.0,True
3904.0,True
3905.0,True
3906.0,True
3907.0,True
3908.0,True
3909.0,True
3910.0,True
3911.0,True
3912.0,True
3913.0,True
3914.0,True
3915.0,True
3916.0,True
3917.0,True
3918.0,True
3919.0,True
3920.0,True
3921.0,True
3922.0,True
3923.0,True
3924.0,True
3925.0,True
3926.0,True
3927.0,True
3928.0,True
3929.0,True
3930.0,True
3931.0,True
3932.0,True
3933.0,True
3934.0,True
3935.0,True
3936.0,True
3937.0,True
3938.0,True
3939.0,True
3940.0,True
3941.0,True
3942.0,True
3943.0,True
3944.0,True
3945.0,True
3946.0,True
3947.0,True
3948.0,True
3949.0,True
3950.0,True
3951.0,True
3952.0,True
3953.0,True
3954.0,True
3955.0,True
3956.0,True
3957.0,True
3958.0,True
3959.0,True
3960.0,True
3961.0,True
3962.0,True
3963.0,True
3964.0,True
3965.0,True
3966.0,True
3967.0,True
3968.0,True
3969.0,True
3970.0,True
3971.0,True
3972.0,True
3973.0,True
3974.0,True
3975.0,True
3976.0,True
3977.0,True
3978.0,True
3979.0,True
3980.0,True
3981.0,True
3982.0,True
3983.0,True
3984.0,True
3985.0,True
3986.0,True
3987.0,True
3988.0,True
3989.0,True
3990.0,True
3991.0,True
3992.0,True
3993.0,True
3994.0,True
3995.0,True
3996.0,True
3997.0,True
3998.0,True
3999.0,True
4000.0,True
4001.0,True
4002.0,True
4003.0,True
4004.0,True
4005.0,True
4006.0,True
4007.0,True
4008.0,True
4009.0,True
4010.0,True
4011.0,True
4012.0,True
4013.0,True
4014.0,True
4015.0,True
4016.0,True
4017.0,True
4018.0,True
4019.0,True
4020.0,True
4021.0,True
4022.0,True
4023.0,True
4024.0,True
4025.0,True
4026.0,True
4027.0,True
4028.0,True
4029.0,True
4030.0,True
4031.0,True
4032.0,True
4033.0,True
4034.0,True
4035.0,True
4036.0,True
4037.0,True
4038.0,True
4039.0,True
4040.0,True
4041.0,True
4042.0,True
4043.0,True
4044.0,True
4045.0,True
4046.0,True
4047.0,True
4048.0,True
4049.0,True
4050.0,True
4051.0,True
4052.0,True
4053.0,True
4054.0,True
4055.0,True
4056.0,True
4057.0,True
4058.0,True
4059.0,True
4060.0,True
4061.0,True
4062.0,True
4063.0,True
4064.0,True
4065.0,True
4066.0,True
4067.0,True
4068.0,True
4069.0,True
4070.0,True
4071.0,True
4072.0,True
4073.0,True
4074.0,True
4075.0,True
4076.0,True
4077.0,True
4078.0,True
4079.0,True
4080.0,True
4081.0,True
4082.0,True
4083.0,True
4084.0,True
4085.0,True
4086.0,True
4087.0,True
4088.0,True
4089.0,True
4090.0,True
4091.0,True
4092.0,True
4093.0,True
4094.0,True
4095.0,True
4096.0,True
4097.0,True
4098.0,True
4099.0,True
4100.0,True
4101.0,True
4102.0,True
4103.0,True
4104.0,True
4105.0,True
4106.0,True
4107.0,True
4108.0,True
4109.0,True
4110.0,True
4111.0,True
4112.0,True
4113.0,True
4114.0,True
4115.0,True
4116.0,True
4117.0,True
4118.0,True
4119.0,True
4120.0,True
4121.0,True
4122.0,True
4123.0,True
4124.0,True
4125.0,True
4126.0,True
4127.0,True
4128.0,True
4129.0,True
4130.0,True
4131.0,True
4132.0,True
4133.0,True
4134.0,True
4135.0,True
4136.0,True
4137.0,True
4138.0,True
4139.0,True
4140.0,True
4141.0,True
4142.0,True
4143.0,True
4144.0,True
4145.0,True
4146.0,True
4147.0,True
4148.0,True
4149.0,True
4150.0,True
4151.0,True
4152.0,True
4153.0,True
4154.0,True
4155.0,True
4156.0,True
4157.0,True
4158.0,True
4159.0,True
4160.0,True
4161.0,True
4162.0,True
4163.0,True
4164.0,True
4165.0,True
4166.0,True
4167.0,True
4168.0,True
4169.0,True
4170.0,True
4171.0,True
4172.0,True
4173.0,True
4174.0,True
4175.0,True
4176.0,True
4177.0,True
4178.0,True
4179.0,True
4180.0,True
4181.0,True
4182.0,True
4183.0,True
4184.0,True
4185.0,True
4186.0,True
4187.0,True
4188.0,True
4189.0,True
4190.0,True
4191.0,True
4192.0,True
4193.0,True
4194.0,True
4195.0,True
4196.0,True
4197.0,True
4198.0,True
4199.0,True
4200.0,True
4201.0,True
4202.0,True
4203.0,True
4204.0,True
4205.0,True
4206.0,True
4207.0,True
4208.0,True
4209.0,True
4210.0,True
4211.0,True
4212.0,True
4213.0,True
4214.0,True
4215.0,True
4216.0,True
4217.0,True
4218.0,True
4219.0,True
4220.0,True
4221.0,True
4222.0,True
4223.0,True
4224.0,True
4225.0,True
4226.0,True
4227.0,True
4228.0,True
4229.0,True
4230.0,True
4231.0,True
4232.0,True
4233.0,True
4234.0,True
4235.0,True
4236.0,True
4237.0,True
4238.0,True
4239.0,True
4240.0,True
4241.0,True
4242.0,True
4243.0,True
4244.0,True
4245.0,True
4246.0,True
4247.0,True
4248.0,True
4249.0,True
4250.0,True
4251.0,True
4252.0,True
4253.0,True
4254.0,True
4255.0,True
4256.0,True
4257.0,True
4258.0,True
4259.0,True
4260.0,True
4261.0,True
4262.0,True
4263.0,True
4264.0,True
4265.0,True
4266.0,True
4267.0,True
4268.0,True
4269.0,True
4270.0,True
4271.0,True
4272.0,True
4273.0,True
4274.0,True
4275.0,True
4276.0,True
,True
,True
,True
,True
,True
,True
,True
,True
,True
,True
,True
,True
,True
,True
,True
,True
,True
,True
,True
,True
,True
,True
,True
,True
,True
,True
,True
,True
,True
,True
,True
,True
,True
,True
,True
,True
,True
,True
,True
,True
,True
,True
,True
,True
,True
,True
,True
,True
,True
,True
,True
,True
,True
,True
,True
,True
,True
,True
,True
,True
,True
,True
,True
,True
,True
,True
,True
,True
,True
,True
,True
,True
,True
,True
,True
,True
,True
,True
,True
,True
,True
,True
,True
,True
,True
,True
,True
,True
,True
,True
,True
,True
,True
,True
,True
,True
,True
,True
,True
,True
,True
,True
,True
,True
,True
,True
,True
,True
,True
,True
,True
,True
,True
,True
,True
,True
,True
,True
,True
,True
,True
,True
,True
,True
,True
,True
,True
,True
,True
,True
,True
,True
,True
,True
,True
,True
,True
,True
,True
,True
,True
,True
,True
,True
,True
,True
,True
,True
,True
,True
,True
,True
,True
,True
,True
,True
,True
,True
,True
,True
,True
,True
,True
,True
,True
,True
,True
,True
,True
,True
,True
,True
,True
,True
,True
,True
,True
,True
,True
,True
,True
,True
,True
,True
,True
,True
,True
,True
,True
,True
,True
,True
,True
,True
,True
,True
,True
,True
,True
,True
,True
,True
,True
,True
,True
,True
,True
,True
,True
,True
,True
,True
,True
,True
,True
,True
,True
,True
,True
,True
,True
,True
,True
,True
,True
,True
,True
,True
,True
,True
,True
,True
,True
,True
,True
,True
,True
,True
,True
,True
,True
,True
,True
,True
,True
,True
,True
,True
,True
,True
,True
,True
,True
,True
,True
,True
,True
,True
,True
,True
,True
,True
,True
,True
,True
,True
,True
,True
,True
,True
,True
,True
,True
,True
,True
,True
,True
,True
,True
,True
,True
,True
,True
,True
,True
,True
,True
,True
,True
,True
,True
,True
,True
,True
,True
,True
,True
,True
,True
,True
,True
,True
,True
,True
,True
,True
,True
,True
,True
,True
,True
,True
,True
,True
,True
,True
,True
,True
,True
,True
,True
,True
,True
,True
,True
,True
,True
,True
,True
,True
,True
,True
,True
,True
,True
,True
,True
,True
,True
,True
,True
,True
,True
,True
,True
,True
,True
,True
,True
,True
,True
,True
,True
,True
,True
,True
,True
,True
,True
,True
,True
,True
,True
,True
,True
,True
,True
,True
,True
,True
,True
,True
,True
,True
,True
,True
,True
,True
,True
,True
,True
,True
,True
,True
,True
,True
,True
,True
,True
,True
,True
,True
,True
,True
,True
,True
,True
,True
,True
,True
,True
,True
,True
,True
,True
,True
,True
,True
,True
,True
,True
,True
,True
,True
,True
,True
,True
,True
,True
,True
,True
,True
,True
,True
,True
,True
,True
,True
,True
,True
,True
,True
,True
,True
,True
,True
,True
,True
,True
,True
,True
,True
,True
,True
,True
,True
,True
,True
,True
,True
,True
,True
,True
,True
,True
,True
,True
,True
,True
,True
,True
,True
,True
,True
,True
,True
,True
,True
,True
,True
,True
,True
,True
,True
,True
,True
,True
,True
,True
,True
,True
,True
,True
,True
,True
,True
,True
,True
,True
,True
,True
,True
,True
,True
,True
,True
,True
,True
,True
,True
,True
,True
,True
,True
,True
,True
,True
,True
,True
,True
,True
,True
,True
,True
,True
,True
,True
,True
,True
,True
,True
,True
,True
,True
,True
,True
,True
,True
,True
,True
,True
,True
,True
,True
,True
,True
,True
,True
,True
,True
,True
,True
,True
,True
,True
,True
,True
,True
,True
,True
,True
,True
,True
,True
,True
,True
,True
,True
,True
,True
,True
,True
,True
,True
,True
,True
,True
,True
,True
,True
,True
,True
,True
,True
,True
,True
,True
,True
,True
,True
,True
,True
,True
,True
,True
,True
,True
,True
,True
,True
,True
,True
,True
,True
,True
,True
,True
,True
,True
,True
,True
,True
,True
,True
,True
,True
,True
,True
,True
,True
,True
,True
,True
,True
,True
,True
,True
,True
,True
,True
,True
,True
,True
,True
,True
,True
,True
,True
,True
,True
,True
,True
,True
,True
,True
,True
,True
,True
,True
,True
,True
,True
,True
,True
,True
,True
,True
,True
,True
,True
,True
,True
,True
,True
,True
,True
,True
,True
,True
,True
,True
,True
,True
,True
,True
,True
,True
,True
,True
,True
,True
,True
,True
,True
,True
,True
,True
,True
,True
,True
,True
,True
,True
,True
,True
,True
,True
,True
,True
,True
,True
,True
,True
,True
,True
,True
,True
,True
,True
,True
,True
,True
,True
,True
,True
,True
,True
,True
,True
,True
,True
,True
,True
,True
,True
,True
,True
,True
,True
,True
,True
,True
,True
,True
,True
,True
,True
,True
,True
,True
,True
,True
,True
,True
,True
,True
,True
,True
,True
,True
,True
,True
,True
,True
,True
,True
,True
,True
,True
,True
,True
,True
,True
,True
,True
,True
,True
,True
,True
,True
,True
,True
,True
,True
,True
,True
,True
,True
,True
,True
,True
,True
,True
,True
,True
,True
,True
,True
,True
,True
,True
,True
,True
,True
,True
,True
,True
,True
,True
,True
,True
,True
,True
,True
,True
,True
,True
,True
,True
,True
,True
,True
,True
,True
,True
,True
,True
,True
,True
,True
,True
,True
,True
,True
,True
,True
,True
,True
,True
,True
,True
,True
,True
,True
,True
,True
,True
,True
,True
,True
,True
,True
,True
,True
,True
,True
,True
,True
,True
,True
,True
,True
,True
,True
,True
,True
,True
,True
,True
,True
,True
,True
,True
,True
,True
,True
,True
,True
,True
,True
,True
,True
,True
,True
,True
,True
,True
,True
,True
,True
,True
,True
,True
,True
,True
,True
,True
,True
,True
,True
,True
,True
,True
,True
,True
,True
,True
,True
,True
,True
,True
,True
,True
,True
,True
,True
,True
,True
,True
,True
,True
,True
,True
,True
,True
,True
,True
,True
,True
,True
,True
,True
,True
,True
,True
,True
,True
,True
,True
,True
,True
,True
,True
,True
,True
,True
,True
,True
,True
,True
,True
,True
,True
,True
,True
,True
,True
,True
,True
,True
,True
,True
,True
,True
,True
,True
,True
,True
,True
,True
,True
,True
,True
,True
,True
,True
,True
,True
,True
,True
,True
,True
,True
,True
,True
,True
,True
,True
,True
,True
,True
,True
,True
,True
,True
,True
,True
,True
,True
,True
,True
,True
,True
,True
,True
,True
,True
,True
,True
,True
,True
,True
,True
,True
,True
,True
,True
,True
,True
,True
,True
,True
,True
,True
,True
,True
,True
,True
,True
,True
,True
,True
,True
,True
,True
,True
,True
,True
,True
,True
,True
,True
,True
,True
,True
,True
,True
,True
,True
,True
,True
,True
,True
,True
,True
,True
,True
,True
,True
,True
,True
,True
,True
,True
,True
,True
,True
,True
,True
,True
,True
,True
,True
,True
,True
,True
,True
,True
,True
,True
,True
,True
,True
,True
,True
,True
,True
,True
,True
,True
,True
,True
,True
,True
,True
,True
,True
,True
,True
,True
,True
,True
,True
,True
,True
,True
,True
,True
,True
,True
,True
,True
,True
,True
,True
,True
,True
,True
,True
,True
,True
,True
,True
,True
,True
,True
,True
,True
,True
,True
,True
,True
,True
,True
,True
,True
,True
,True
,True
,True
,True
,True
,True
,True
,True
,True
,True
,True
,True
,True
,True
,True
,True
,True
,True
,True
,True
,True
,True
,True
,True
,True
,True
,True
,True
,True
,True
,True
,True
,True
,True
,True
,True
,True
,True
,True
,True
,True
,True
,True
,True
,True
,True
,True
,True
,True
,True
,True
,True
,True
,True
,True
,True
,True
,True
,True
,True
,True
,True
,True
,True
,True
,True
,True
,True
,True
,True
,True
,True
,True
,True
,True
,True
,True
,True
,True
,True
,True
,True
,True
,True
,True
,True
,True
,True
,True
,True
,True
,True
,True
,True
,True
,True
,True
,True
,True
,True
,True
,True
,True
,True
,True
,True
,True
,True
,True
,True
,True
,True
,True
,True
,True
,True
,True
,True
,True
,True
,True
,True
,True
,True
,True
,True
,True
,True
,True
,True
,True
,True
,True
,True
,True
,True
,True
,True
,True
,True
,True
,True
,True
,True
,True
,True
,True
,True
,True
,True
,True
,True
,True
,True
,True
,True
,True
,True
,True
,True
,True
,True
,True
,True
,True
,True
,True
,True
,True
,True
,True
,True
,True
,True
,True
,True
,True
,True
,True
,True
,True
,True
,True
,True
,True
,True
,True
,True
,True
,True
,True
,True
,True
,True
,True
,True
,True
,True
,True
,True
,True
,True
,True
,True
,True
,True
,True
,True
,True
,True
,True
,True
,True
,True
,True
,True
,True
,True
,True
,True
,True
,True
,True
,True
,True
,True
,True
,True
,True
,True
,True
,True
,True
,True
,True
,True
,True
,True
,True
,True
,True
,True
,True
,True
,True
,True
,True
,True
,True
,True
,True
,True
,True
,True
,True
,True
,True
,True
,True
,True
,True
,True
,True
,True
,True
,True
,True
,True
,True
,True
,True
,True
,True
,True
,True
,True
,True
,True
,True
,True
,True
,True
,True
,True
,True
,True
,True
,True
,True
,True
,True
,True
,True
,True
,True
,True
,True
,True
,True
,True
,True
,True
,True
,True
,True
,True
,True
,True
,True
,True
,True
,True
,True
,True
,True
,True
,True
,True
,True
,True
,True
,True
,True
,True
,True
,True
,True
,True
,True
,True
,True
,True
,True
,True
,True
,True
,True
,True
,True
,True
,True
,True
,True
,True
,True
,True
,True
,True
,True
,True
,True
,True
,True
,True
,True
,True
,True
,True
,True
,True
,True
,True
,True
,True
,True
,True
,True
,True
,True
,True
,True
,True
,True
,True
,True
,True
,True
,True
,True
,True
,True
,True
,True
,True
,True
,True
,True
,True
,True
,True
,True
,True
,True
,True
,True
,True
,True
,True
,True
,True
,True
,True
,True
,True
,True
,True
,True
,True
,True
,True
,True
,True
,True
,True
,True
,True
,True
,True
,True
,True
,True
,True
,True
,True
,True
,True
,True
,True
,True
,True
,True
,True
,True
,True
,True
,True
,True
,True
,True
,True
,True
,True
,True
,True
,True
,True
,True
,True
,True
,True
,True
,True
,True
,True
,True
,True
,True
,True
,True
,True
,True
,True
,True
,True
,True
,True
,True
,True
,True
,True
,True
,True
,True
,True
,True
,True
,True
,True
,True
,True
,True
,True
,True
,True
,True
,True
,True
,True
,True
,True
,True
,True
,True
,True
,True
,True
,True
,True
,True
,True
,True
,True
,True
,True
,True
,True
,True
,True
,True
,True
,True
,True
,True
,True
,True
,True
,True
,True
,True
,True
,True
,True
,True
,True
,True
,True
,True
,True
,True
,True
,True
,True
,True
,True
,True
,True
,True
,True
,True
,True
,True
,True
,True
,True
,True
,True
,True
,True
,True
,True
,True
,True
,True
,True
,True
,True
,True
,True
,True
,True
,True
,True
,True
,True
,True
,True
,True
,True
,True
,True
,True
,True
,True
,True
,True
,True
,True
,True
,True
,True
,True
,True
,True
,True
,True
,True
,True
,True
,True
,True
,True
,True
,True
,True
,True
,True
,True
,True
,True
,True
,True
,True
,True
,True
,True
,True
,True
,True
,True
,True
,True
,True
,True
,True
,True
,True
,True
,True
,True
,True
,True
,True
,True
,True
,True
,True
,True
,True
,True
,True
,True
,True
,True
,True
,True
,True
,True
,True
,True
,True
,True
,True
,True
,True
,True
,True
,True
,True
,True
,True
,True
,True
,True
,True
,True
,True
,True
,True
,True
,True
,True
,True
,True
,True
,True
,True
,True
,True
,True
,True
,True
,True
,True
,True
,True
,True
,True
,True
,True
,True
,True
,True
,True
,True
,True
,True
,True
,True
,True
,True
,True
,True
,True
,True
,True
,True
,True
,True
,True
,True
,True
,True
,True
,True
,True
,True
,True
,True
,True
,True
,True
,True
,True
,True
,True
,True
,True
,True
,True
,True
,True
,True
,True
,True
,True
,True
,True
,True
,True
,True
,True
,True
,True
,True
,True
,True
,True
,True
,True
,True
,True
,True
,True
,True
,True
,True
,True
,True
,True
,True
,True
,True
,True
,True
,True
,True
,True
,True
,True
,True
,True
,True
,True
,True
,True
,True
,True
,True
,True
,True
,True
,True
,True
,True
,True
,True
,True
,True
,True
,True
,True
,True
,True
,True
,True
,True
,True
,True
,True
,True
,True
,True
,True
,True
,True
,True
,True
,True
,True
,True
,True
,True
,True
,True
,True
,True
,True
,True
,True
,True
,True
,True
,True
,True
,True
,True
,True
,True
,True
,True
,True
,True
,True
,True
,True
,True
,True
,True
,True
,True
,True
,True
,True
,True
,True
,True
,True
,True
,True
,True
,True
,True
,True
,True
,True
,True
,True
,True
,True
,True
,True
,True
,True
,True
,True
,True
,True
,True
,True
,True
,True
,True
,True
,True
,True
,True
,True
,True
,True
,True
,True
,True
,True
,True
,True
,True
,True
,True
,True
,True
,True
,True
,True
,True
,True
,True
,True
,True
,True
,True
,True
,True
,True
,True
,True
,True
,True
,True
,True
,True
,True
,True
,True
,True
,True
,True
,True
,True
,True
,True
,True
,True
,True
,True
,True
,True
,True
,True
,True
,True
,True
,True
,True
,True
,True
,True
,True
,True
,True
,True
,True
,True
,True
,True
,True
,True
,True
,True
,True
,True
,True
,True
,True
,True
,True
,True
,True
,True
,True
,True
,True
,True
,True
,True
,True
,True
,True
,True
,True
,True
,True
,True
,True
,True
,True
,True
,True
,True
,True
,True
,True
,True
,True
,True
,True
,True
,True
,True
,True
,True
,True
,True
,True
,True
,True
,True
,True
,True
,True
,True
,True
,True
,True
,True
,True
,True
,True
,True
,True
,True
,True
,True
,True
,True
,True
,True
,True
,True
,True
,True
,True
,True
,True
,True
,True
,True
,True
,True
,True
,True
,True
,True
,True
,True
,True
,True
,True
,True
,True
,True
,True
,True
,True
,True
,True
,True
,True
,True
,True
,True
,True
,True
,True
,True
,True
,True
,True
,True
,True
,True
,True
,True
,True
,True
,True
,True
,True
,True
,True
,True
,True
,True
,True
,True
,True
,True
,True
,True
,True
,True
,True
,True
,True
,True
,True
,True
,True
,True
,True
,True
,True
,True
,True
,True
,True
,True
,True
,True
,True
,True
,True
,True
,True
,True
,True
,True
,True
,True
,True
,True
,True
,True
,True
,True
,True
,True
,True
,True
,True
,True
,True
,True
,True
,True
,True
,True
,True
,True
,True
,True
,True
,True
,True
,True
,True
,True
,True
,True
,True
,True
,True
,True
,True
,True
,True
,True
,True
,True
,True
,True
,True
,True
,True
,True
,True
,True
,True
,True
,True
,True
,True
,True
,True
,True
,True
,True
,True
,True
,True
,True
,True
,True
,True
,True
,True
,True
,True
,True
,True
,True
,True
,True
,True
,True
,True
,True
,True
,True
,True
,True
,True
,True
,True
,True
,True
,True
,True
,True
,True
,True
,True
,True
,True
,True
,True
,True
,True
,True
,True
,True
,True
,True
,True
,True
,True
,True
,True
,True
,True
,True
,True
,True
,True
,True
,True
,True
,True
,True
,True
,True
,True
,True
,True
,True
,True
,True
,True
,True
,True
,True
,True
,True
,True
,True
,True
,True
,True
,True
,True
,True
,True
,True
,True
,True
,True
,True
,True
,True
,True
,True
,True
,True
,True
,True
,True
,True
,True
,True
,True
,True
,True
,True
,True
,True
,True
,True
,True
,True
,True
,True
,True
,True
,True
,True
,True
,True
,True
,True
,True
,True
,True
,True
,True
,True
,True
,True
,True
,True
,True
,True
,True
,True
,True
,True
,True
,True
,True
,True
,True
,True
,True
,True
,True
,True
,True
,True
,True
,True
,True
,True
,True
,True
,True
,True
,True
,True
,True
,True
,True
,True
,True
,True
,True
,True
,True
,True
,True
,True
,True
,True
,True
,True
,True
,True
,True
,True
,True
,True
,True
,True
,True
,True
,True
,True
,True
,True
,True
,True
,True
,True
,True
,True
,True
,True
,True
,True
,True
,True
,True
,True
,True
,True
,True
,True
,True
,True
,True
,True
,True
,True
,True
,True
,True
,True
,True
,True
,True
,True
,True
,True
,True
,True
,True
,True
,True
,True
,True
,True
,True
,True
,True
,True
,True
,True
,True
,True
,True
,True
,True
,True
,True
,True
,True
,True
,True
,True
,True
,True
,True
,True
,True
,True
,True
,True
,True
,True
,True
,True
,True
,True
,True
,True
,True
,True
,True
,True
,True
,True
,True
,True
,True
,True
,True
,True
,True
,True
,True
,True
,True
,True
,True
,True
,True
,True
,True
,True
,True
,True
,True
,True
,True
,True
,True
,True
,True
,True
,True
,True
,True
,True
,True
,True
,True
,True
,True
,True
,True
,True
,True
,True
,True
,True
,True
,True
,True
,True
,True
,True
,True
,True
,True
,True
,True
,True
,True
,True
,True
,True
,True
,True
,True
,True
,True
,True
,True
,True
,True
,True
,True
,True
,True
,True
,True
,True
,True
,True
,True
,True
,True
,True
,True
,True
,True
,True
,True
,True
,True
,True
,True
,True
,True
,True
,True
,True
,True
,True
,True
,True
,True
,True
,True
,True
,True
,True
,True
,True
,True
,True
,True
,True
,True
,True
,True
,True
,True
,True
,True
,True
,True
,True
,True
,True
,True
,True
,True
,True
,True
,True
,True
,True
,True
,True
,True
,True
,True
,True
,True
,True
,True
,True
,True
,True
,True
,True
,True
,True
,True
,True
,True
,True
,True
,True
,True
,True
,True
,True
,True
,True
,True
,True
,True
,True
,True
,True
,True
,True
,True
,True
,True
,True
,True
,True
,True
,True
,True
,True
,True
,True
,True
,True
,True
,True
,True
,True
,True
,True
,True
,True
,True
,True
,True
,True
,True
,True
,True
,True
,True
,True
,True
,True
,True
,True
,True
,True
,True
,True
,True
,True
,True
,True
,True
,True
,True
,True
,True
,True
,True
,True
,True
,True
,True
,True
,True
,True
,True
,True
,True
,True
,True
,True
,True
,True
,True
,True
,True
,True
,True
,True
,True
,True
,True
,True
,True
,True
,True
,True
,True
,True
,True
,True
,True
,True
,True
,True
,True
,True
,True
,True
,True
,True
,True
,True
,True
,True
,True
,True
,True
,True
,True
,True
,True
,True
,True
,True
,True
,True
,True
,True
,True
,True
,True
,True
,True
,True
,True
,True
,True
,True
,True
,True
,True
,True
,True
,True
,True
,True
,True
,True
,True
,True
,True
,True
,True
,True
,True
,True
,True
,True
,True
,True
,True
,True
,True
,True
,True
,True
,True
,True
,True
,True
,True
,True
,True
,True
,True
,True
,True
,True
,True
,True
,True
,True
,True
,True
,True
,True
,True
,True
,True
,True
,True
,True
,True
,True
,True
,True
,True
,True
,True
,True
,True
,True
,True
,True
,True
,True
,True
,True
,True
,True
,True
,True
,True
,True
,True
,True
,True
,True
,True
,True
,True
,True
,True
,True
,True
,True
,True
,True
,True
,True
,True
,True
,True
,True
,True
,True
,True
,True
,True
,True
,True
,True
,True
,True
,True
,True
,True
,True
,True
,True
,True
,True
,True
,True
,True
,True
,True
,True
,True
,True
,True
,True
,True
,True
,True
,True
,True
,True
,True
,True
,True
,True
,True
,True
,True
,True
,True
,True
,True
,True
,True
,True
,True
,True
,True
,True
,True
,True
,True
,True
,True
,True
,True
,True
,True
,True
,True
,True
,True
,True
,True
,True
,True
,True
,True
,True
,True
,True
,True
,True
,True
,True
,True
,True
,True
,True
,True
,True
,True
,True
,True
,True
,True
,True
,True
,True
,True
,True
,True
,True
,True
,True
,True
,True
,True
,True
,True
,True
,True
,True
,True
,True
,True
,True
,True
,True
,True
,True
,True
,True
,True
,True
,True
,True
,True
,True
,True
,True
,True
,True
,True
,True
,True
,True
,True
,True
,True
,True
,True
,True
,True
,True
,True
,True
,True
,True
,True
,True
,True
,True
,True
,True
,True
,True
,True
,True
,True
,True
,True
,True
,True
,True
,True
,True
,True
,True
,True
,True
,True
,True
,True
,True
,True
,True
,True
,True
,True
,True
,True
,True
,True
,True
,True
,True
,True
,True
,True
,True
,True
,True
,True
,True
,True
,True
,True
,True
,True
,True
,True
,True
,True
,True
,True
,True
,True
,True
,True
,True
,True
,True
,True
,True
,True
,True
,True
,True
,True
,True
,True
,True
,True
,True
,True
,True
,True
,True
,True
,True
,True
,True
,True
,True
,True
,True
,True
,True
,True
,True
,True
,True
,True
,True
,True
,True
,True
,True
,True
,True
,True
,True
,True
,True
,True
,True
,True
,True
,True
,True
,True
,True
,True
,True
,True
,True
,True
,True
,True
,True
,True
,True
,True
,True
,True
,True
,True
,True
,True
,True
,True
,True
,True
,True
,True
,True
,True
,True
,True
,True
,True
,True
,True
,True
,True
,True
,True
,True
,True
,True
,True
,True
,True
,True
,True
,True
,True
,True
,True
,True
,True
,True
,True
,True
,True
,True
,True
,True
,True
,True
,True
,True
,True
,True
,True
,True
,True
,True
,True
,True
,True
,True
,True
,True
,True
,True
,True
,True
,True
,True
,True
,True
,True
,True
,True
,True
,True
,True
,True
,True
,True
,True
,True
,True
,True
,True
,True
,True
,True
,True
,True
,True
,True
,True
,True
,True
,True
,True
,True
,True
,True
,True
,True
,True
,True
,True
,True
,True
,True
,True
,True
,True
,True
,True
,True
,True
,True
,True
,True
,True
,True
,True
,True
,True
,True
,True
,True
,True
,True
,True
,True
,True
,True
,True
,True
,True
,True
,True
,True
,True
,True
,True
,True
,True
,True
,True
,True
,True
,True
,True
,True
,True
,True
,True
,True
,True
,True
,True
,True
,True
,True
,True
,True
,True
,True
,True
,True
,True
,True
,True
,True
,True
,True
,True
,True
,True
,True
,True
,True
,True
,True
,True
,True
,True
,True
,True
,True
,True
,True
,True
,True
,True
,True
,True
,True
,True
,True
,True
,True
,True
,True
,True
,True
,True
,True
,True
,True
,True
,True
,True
,True
,True
,True
,True
,True
,True
,True
,True
,True
,True
,True
,True
,True
,True
,True
,True
,True
,True
,True
,True
,True
,True
,True
,True
,True
,True
,True
,True
,True
,True
,True
,True
,True
,True
,True
,True
,True
,True
,True
,True
,True
,True
,True
,True
,True
,True
,True
,True
,True
,True
,True
,True
,True
,True
,True
,True
,True
,True
,True
,True
,True
,True
,True
,True
,True
,True
,True
,True
,True
,True
,True
,True
,True
,True
,True
,True
,True
,True
,True
,True
,True
,True
,True
,True
,True
,True
,True
,True
,True
,True
,True
,True
,True
,True
,True
,True
,True
,True
,True
,True
,True
,True
,True
,True
,True
,True
,True
,True
,True
,True
,True
,True
,True
,True
,True
,True
,True
,True
,True
,True
,True
,True
,True
,True
,True
,True
,True
,True
,True
,True
,True
,True
,True
,True
,True
,True
,True
,True
,True
,True
,True
,True
,True
,True
,True
,True
,True
,True
,True
,True
,True
,True
,True
,True
,True
,True
,True
,True
,True
,True
,True
,True
,True
,True
,True
,True
,True
,True
,True
,True
,True
,True
,True
,True
,True
,True
,True
,True
,True
,True
,True
,True
,True
,True
,True
,True
,True
,True
,True
,True
,True
,True
,True
,True
,True
,True
,True
,True
,True
,True
,True
,True
,True
,True
,True
,True
,True
,True
,True
,True
,True
,True
,True
,True
,True
,True
,True
,True
,True
,True
,True
,True
,True
,True
,True
,True
,True
,True
,True
,True
,True
,True
,True
,True
,True
,True
,True
,True
,True
,True
,True
,True
,True
,True
,True
,True
,True
,True
,True
,True
,True
,True
,True
,True
,True
,True
,True
,True
,True
,True
,True
,True
,True
,True
,True
,True
,True
,True
,True
,True
,True
,True
,True
,True
,True
,True
,True
,True
,True
,True
,True
,True
,True
,True
,True
,True
,True
,True
,True
,True
,True
,True
,True
,True
,True
,True
,True
,True
,True
,True
,True
,True
,True
,True
,True
,True
,True
,True
,True
,True
,True
,True
,True
,True
,True
,True
,True
,True
,True
,True
,True
,True
,True
,True
,True
,True
,True
,True
,True
,True
,True
,True
,True
,True
,True
,True
,True
,True
,True
,True
,True
,True
,True
,True
,True
,True
,True
,True
,True
,True
,True
,True
,True
,True
,True
,True
,True
,True
,True
,True
,True
,True
,True
,True
,True
,True
,True
,True
,True
,True
,True
,True
,True
,True
,True
,True
,True
,True
,True
,True
,True
,True
,True
,True
,True
,True
,True
,True
,True
,True
,True
,True
,True
,True
,True
,True
,True
,True
,True
,True
,True
,True
,True
,True
,True
,True
,True
,True
,True
,True
,True
,True
,True
,True
,True
,True
,True
,True
,True
,True
,True
,True
,True
,True
,True
,True
,True
,True
,True
,True
,True
,True
,True
,True
,True
,True
,True
,True
,True
,True
,True
,True
,True
,True
,True
,True
,True
,True
,True
,True
,True
,True
,True
,True
,True
,True
,True
,True
,True
,True
,True
,True
,True
,True
,True
,True
,True
,True
,True
,True
,True
,True
,True
,True
,True
,True
,True
,True
,True
,True
,True
,True
,True
,True
,True
,True
,True
,True
,True
,True
,True
,True
,True
,True
,True
,True
,True
,True
,True
,True
,True
,True
,True
,True
,True
,True
,True
,True
,True
,True
,True
,True
,True
,True
,True
,True
,True
,True
,True
,True
,True
,True
,True
,True
,True
,True
,True
,True
,True
,True
,True
,True
,True
,True
,True
,True
,True
,True
,True
,True
,True
,True
,True
,True
,True
,True
,True
,True
,True
,True
,True
,True
,True
,True
,True
,True
,True
,True
,True
,True
,True
,True
,True
,True
,True
,True
,True
,True
,True
,True
,True
,True
,True
,True
,True
,True
,True
,True
,True
,True
,True
,True
,True
,True
,True
,True
,True
,True
,True
,True
,True
,True
,True
,True
,True
,True
,True
,True
,True
,True
,True
,True
,True
,True
,True
,True
,True
,True
,True
,True
,True
,True
,True
,True
,True
,True
,True
,True
,True
,True
,True
,True
,True
,True
,True
,True
,True
,True
,True
,True
,True
,True
,True
,True
,True
,True
,True
,True
,True
,True
,True
,True
,True
,True
,True
,True
,True
,True
,True
,True
,True
,True
,True
,True
,True
,True
,True
,True
,True
,True
,True
,True
,True
,True
,True
,True
,True
,True
,True
,True
,True
,True
,True
,True
,True
,True
,True
,True
,True
,True
,True
,True
,True
,True
,True
,True
,True
,True
,True
,True
,True
,True
,True
,True
,True
,True
,True
,True
,True
,True
,True
,True
,True
,True
,True
,True
,True
,True
,True
,True
,True
,True
,True
,True
,True
,True
,True
,True
,True
,True
,True
,True
,True
,True
,True
,True
,True
,True
,True
,True
,True
,True
,True
,True
,True
,True
,True
,True
,True
,True
,True
,True
,True
,True
,True
,True
,True
,True
,True
,True
,True
,True
,True
,True
,True
,True
,True
,True
,True
,True
,True
,True
,True
,True
,True
,True
,True
,True
,True
,True
,True
,True
,True
,True
,True
,True
,True
,True
,True
,True
,True
,True
,True
,True
,True
,True
,True
,True
,True
,True
,True
,True
,True
,True
,True
,True
,True
,True
,True
,True
,True
,True
,True
,True
,True
,True
,True
,True
,True
,True
,True
,True
